,Uber Type,Origin Region,Destination Region,Origin Latitude,Origin Longitude,Destination Latitude,Destination Longitude,Journey Distance(m),Departure Date,Departure Time,Travel Time(s),Arrival Time,Fare$
ID5230402179,2,2,7,-37.8225695,144.9527452,-37.8618349,144.905716,8478.2,2018-01-02,03:17:35,2885.1,4:05:40,230.62
ID1677847535,0,7,6,-37.8618349,144.905716,-37.7738026,144.9836466,16036.1,2018-07-07,01:53:07,5320.6799999999985,3:21:47,23.52
ID3457854587,1,4,1,-37.8020781,144.9885617,-37.8156548,144.963956,3312.7,2018-01-10,00:16:13,861.2400000000001,0:30:34,18.87
ID3328177715,1,3,4,-37.8249905,144.9820473,-37.8087653,144.9961892,2852.0,2018-04-20,01:51:33,678.5400000000001,2:02:51,19.72
ID1261900839,0,9,6,-38.1109156,144.6541725,-37.7874421,144.9804091,47035.0,2018-03-28,06:07:21,11413.020000000008,9:17:34,21.36
ID1647762302,0,5,6,-37.8048626,144.9244347,-37.7738026,144.9836466,10841.0,2018-01-07,02:53:47,3266.400000000001,3:48:13,18.59
ID3481693880,1,3,6,-37.8247896,144.982697,-37.773845,144.9836895,6557.4,2018-02-18,22:55:14,1426.56,23:19:00,25.04
ID1519595245,0,9,1,-38.1109156,144.6541725,-37.800878,144.9711567,45056.7,2018-05-27,02:58:18,10941.480000000009,6:00:39,31.17
ID1213707077,0,4,8,-37.806425,145.0080358,-37.807202,145.0266373,1829.0,2018-04-11,07:26:52,455.4,7:34:27,1.29
ID1504215632,0,4,9,-37.802362,144.9915361,-38.1109156,144.6541725,46929.0,2018-05-10,02:20:37,11357.519999999999,5:29:54,27.46
ID3574237709,1,7,5,-37.8618349,144.905716,-37.7917738,144.9359401,13806.0,2018-05-11,23:27:05,4307.699999999999,0:38:52,32.36
ID3608579587,1,8,9,-37.8158343,145.04645,-38.1109156,144.6541725,51032.0,2018-07-08,06:05:38,12681.059999999998,9:36:59,53.78
ID3346261741,1,4,7,-37.81074,145.0139863,-37.8618349,144.905716,12686.0,2018-03-12,08:04:08,3983.0400000000013,9:10:31,17.94
ID1509206932,0,3,7,-37.8001032,145.0050381,-37.8618349,144.905716,12422.0,2018-03-24,22:58:46,3945.840000000002,0:04:31,21.05
ID1774019647,0,6,3,-37.8045967,144.9196376,-37.8213358,144.9844195,6710.0,2018-06-28,05:11:32,1614.0600000000004,5:38:26,11.89
ID3979366935,1,8,9,-37.807202,145.0266373,-38.1109156,144.6541725,49777.0,2018-03-19,21:49:16,12069.779999999999,1:10:25,59.6
ID3238549337,1,2,5,-37.8092101,144.9291215,-37.8056237,144.9331705,1257.0,2018-02-10,14:39:50,333.18,14:45:23,15.93
ID3157721032,1,5,1,-37.8158343,145.04645,-37.8208117,144.9550899,8588.0,2018-05-24,13:19:44,2477.580000000001,14:01:01,20.36
ID1471408918,0,4,1,-37.7874325,144.9803767,-37.8132882,144.9404088,5604.0,2018-07-22,09:45:58,1411.68,10:09:29,9.78
ID1423308586,0,4,3,-37.8020781,144.9885617,-37.8233026,144.9680038,3741.0,2018-06-06,21:50:31,1007.5800000000002,22:07:18,12.8
ID1319524802,0,5,6,-37.8093172,144.9340149,-37.8086792,145.0067071,6951.0,2018-02-16,03:36:40,1704.0600000000004,4:05:04,12.2
ID1314165349,0,2,5,-37.8250769,144.9513625,-37.8618349,144.905716,8478.0,2018-06-05,09:41:45,2946.6,10:30:51,7.01
ID1276471428,0,8,5,-37.807202,145.0266373,-37.7992528,144.9364904,8562.0,2018-01-20,20:22:32,2275.14,21:00:27,15.86
ID1296668879,0,8,2,-37.8158343,145.04645,-37.8157138,144.973834,6850.0,2018-06-13,14:59:27,1996.0800000000004,15:32:43,8.8
ID1152104847,0,6,8,-37.7738026,144.9836466,-37.807202,145.0266373,11470.0,2018-04-13,11:26:13,3452.8199999999997,12:23:45,9.31
ID3446621021,1,8,5,-37.8158343,145.04645,-37.8114979,145.0097451,3275.0,2018-04-28,06:46:19,1117.3200000000002,7:04:56,10.89
ID1397385284,0,5,2,-37.8061816,144.9396584,-37.7907967,144.985865,6694.0,2018-05-12,13:33:04,1949.3400000000004,14:05:33,14.1
ID1766169171,0,4,5,-37.8043204,145.0010742,-37.8059773,144.927982,7423.0,2018-02-12,14:33:41,1850.9399999999991,15:04:31,10.21
ID3898139240,1,4,2,-37.8166264,145.0073186,-37.8105747,144.939228,6788.0,2018-01-13,20:05:48,1661.519999999999,20:33:29,20.62
ID3530669789,1,5,3,-37.8053753,144.9347304,-37.8209652,144.984026,5469.0,2018-06-12,07:51:01,1408.6800000000005,8:14:29,10.66
ID1441783977,0,1,4,-37.804112,144.9739368,-37.8042304,144.9947019,2306.0,2018-07-25,18:28:34,650.6999999999999,18:39:24,7.77
ID1366073223,0,9,1,38.1109156,144.6541725,-37.8135186,144.9656215,43551.0,2018-06-15,14:21:06,10464.420000000002,17:15:30,24.28
ID1351973254,0,2,3,-37.8144195,144.935355,-37.8167346,144.9881896,5402.0,2018-04-02,05:58:47,1303.3800000000003,6:20:30,10.3
ID3516439736,1,8,5,37.807202,145.0266373,-37.8029182,144.9281234,9411.0,2018-04-28,12:30:11,2439.1799999999994,13:10:50,21.32
ID1205164474,0,2,8,-37.8136707,144.9367091,-37.8158343,145.04645,10421.0,2018-02-18,17:06:28,2903.58,17:54:51,16.72
ID1918934209,0,7,8,-37.8618349,144.905716,-37.8158343,145.04645,15151.0,2018-06-03,20:35:26,4911.599999999998,21:57:17,19.84
ID1632901508,0,5,1,37.8049272,144.9394914,-37.8200571,144.9583373,2714.0,2018-02-16,19:19:53,742.1400000000003,19:32:15,8.5
ID1982047403,0,5,7,-37.8136538,144.9306027,-37.8618349,144.905716,11781.0,2018-06-04,05:08:09,3771.420000000001,6:11:00,16.31
ID3447603359,1,2,4,37.8152763,144.9366486,-37.8031395,144.9956372,6040.0,2018-04-12,20:27:42,1523.6399999999999,20:53:05,14.34
ID5234461795,2,6,4,37.7874421,144.9804091,-37.8055647,144.9944437,3329.0,2018-06-23,10:22:33,829.9799999999998,10:36:22,77.63
ID5813116376,2,8,1,-37.8158343,145.04645,-37.8142222,144.9429107,9453.0,2018-04-05,10:33:29,2703.719999999999,11:18:32,199.87
ID3645278684,1,9,5,-38.1109156,144.6541725,-37.7972646,144.9313349,44983.0,2018-04-14,15:52:52,10797.179999999995,18:52:49,52.17
ID1796576328,0,6,1,-37.773845,144.9836895,37.8064999,144.9560899,5357.0,2018-05-21,04:43:15,1099.6200000000001,5:01:34,10.65
ID5801669950,2,3,1,-37.8173474,145.008734,-37.8181913,144.9669356,4044.0,2018-01-08,23:01:19,1014.36,23:18:13,101.46
ID3699819483,1,1,6,-37.8221123,144.9536015,37.7738026,144.9836466,9764.0,2018-05-26,15:37:09,2956.08,16:26:25,26.62
ID3360566454,1,1,4,-37.8202606,144.9696655,-37.8125714,145.0125221,4905.0,2018-03-02,05:39:20,1295.9399999999998,6:00:55,21.22
ID1916274795,0,8,1,-37.807202,145.0266373,37.8095319,144.9490073,7590.0,2018-03-12,07:45:44,1926.599999999999,8:17:50,6.0
ID3766761126,1,2,6,-37.821611,144.9362424,-37.773845,144.9836895,8332.0,2018-06-01,21:43:20,1904.58,22:15:04,21.98
ID3302933476,1,7,2,-37.8618349,144.905716,-37.8101861,144.9305798,11772.0,2018-05-27,06:21:15,3748.3199999999993,7:23:43,24.07
ID1915840297,0,3,8,-37.8155634,144.9930676,-37.8158343,145.04645,5187.0,2018-05-09,20:21:23,1598.52,20:48:01,10.34
ID3475809456,1,7,1,-37.8618349,144.905716,37.8067978,144.9571225,9268.0,2018-02-05,12:58:32,3118.5000000000005,13:50:30,22.4
ID1579081461,0,8,1,-37.807202,145.0266373,-37.8068568,144.9643198,6042.0,2018-02-12,09:29:41,1525.6799999999998,9:55:06,4.34
ID5324245360,2,6,5,-37.773845,144.9836895,-37.8048107,144.9281335,7651.0,2018-02-11,18:12:16,1678.7399999999998,18:40:14,144.27
ID1538829322,0,5,3,-37.8081468,144.9342466,37.8114235,144.9760123,4322.0,2018-05-23,03:59:11,1036.0799999999997,4:16:27,11.86
ID5336709786,2,2,1,-37.8139221,144.9404494,-37.8077563,144.9546505,1770.0,2018-05-19,23:47:09,450.66000000000014,23:54:39,69.31
ID1570393296,0,7,8,-37.8618349,144.905716,-37.8158343,145.04645,15151.0,2018-01-14,11:48:23,4911.599999999998,13:10:14,14.85
ID1728414874,0,1,9,-37.8152487,144.9747429,-38.1109156,144.6541725,44509.0,2018-01-26,02:52:51,10747.8,5:51:58,25.9
ID3422447646,1,4,2,-37.8011512,145.003712,-37.8152483,144.9341073,7166.0,2018-07-12,00:53:24,1792.86,1:23:16,23.31
ID3114817116,1,9,4,-38.1109156,144.6541725,-37.8166864,145.0134205,48140.0,2018-02-22,23:47:50,11584.800000000001,3:00:54,59.56
ID3156344222,1,4,1,-37.8113201,145.0004866,-37.8158801,144.9369481,6081.0,2018-06-09,07:25:09,1538.7000000000005,7:50:56,14.33
ID1524839155,0,5,6,-37.805931,144.9381047,-37.7874325,144.9803767,5895.0,2018-02-25,13:50:04,1647.6000000000008,14:16:16,13.58
ID1702474414,0,7,1,-37.8618349,144.905716,-37.8088897,144.94895,9556.0,2018-06-12,23:32:22,3234.3599999999974,0:26:16,14.97
ID5927244918,2,6,8,-37.7907967,144.985865,-37.8158343,145.04645,7470.0,2018-04-06,15:15:59,2356.38,15:54:21,178.62
ID1509990868,0,6,9,-37.7907967,144.985865,-38.1109156,144.6541725,47193.0,2018-04-06,23:01:19,11530.619999999999,2:13:29,27.15
ID1759278337,0,7,3,-37.8618349,144.905716,-37.8186258,145.0054944,11118.0,2018-03-01,01:51:31,3534.4799999999987,2:50:25,15.37
ID1935231886,0,4,9,-37.8007346,145.0020597,-38.1109156,144.6541725,47793.0,2018-02-25,04:19:15,11577.66,7:32:12,31.63
ID5786319274,2,7,2,-37.8618349,144.905716,-37.8145317,144.9382023,10304.0,2018-07-08,03:46:06,3389.3999999999987,4:42:35,272.42
ID3727292023,1,1,9,-37.8070706,144.9712662,-38.1109156,144.6541725,44407.0,2018-07-04,14:15:01,10768.38,17:14:29,50.6
ID1405100265,0,8,9,-37.807202,145.0266373,-38.1109156,144.6541725,49777.0,2018-01-10,15:46:37,12119.779999999999,19:07:46,25.33
ID1536835762,0,1,3,-37.8134036,144.9740726,-37.8212208,144.9839138,1495.0,2018-02-12,08:21:54,350.3399999999999,8:27:44,4.68
ID1531220184,0,3,4,-37.8176985,144.9692462,-37.8026481,145.0009241,4377.0,2018-02-05,11:22:44,1179.96,11:42:23,3.54
ID5260370303,2,3,1,-37.8232695,144.9783224,-37.8096965,144.938704,4821.0,2018-01-03,05:39:51,1216.6200000000003,6:00:07,115.34
ID1690764926,0,9,8,-38.1109156,144.6541725,-37.807202,145.0266373,49777.0,2018-07-24,11:57:02,12099.660000000003,15:18:41,20.83
ID1775529103,0,3,9,-37.8186271,144.9679277,-38.1109156,144.6541725,43877.0,2018-01-11,11:53:47,10591.16,14:49:55,18.81
ID3971565770,1,4,8,-37.8108108,145.0111515,-37.8158343,145.04645,4057.0,2018-04-07,20:53:06,1279.96,21:14:33,18.27
ID5770772115,2,4,6,-37.8006565,145.0031593,-37.7874325,144.9803767,3591.0,2018-03-13,14:00:28,1001.6400000000001,14:15:33,84.26
ID3640266367,1,8,7,-37.8158343,145.04645,-37.8618349,144.905716,15151.0,2018-04-11,18:35:02,4917.479999999999,19:56:59,29.25
ID1123272681,0,8,2,-37.8158343,145.04645,-37.8145973,144.9384187,9868.0,2018-04-23,09:18:51,2753.9399999999982,10:04:44,6.73
ID3119221510,1,4,7,-37.8130627,145.0117925,-37.8618349,144.905716,12223.0,2018-04-14,03:06:52,3826.6200000000003,4:10:38,34.85
ID1625628147,0,7,4,-37.8618349,144.905716,-37.8135788,145.0107023,12219.0,2018-07-06,15:02:51,3811.019999999999,16:06:22,12.56
ID3929768991,1,3,2,-37.8220421,145.0032393,-37.8116138,144.9381312,6993.0,2018-03-15,16:03:46,1659.5399999999997,16:31:25,16.98
ID1982123590,0,3,1,-37.8194685,144.9791273,-37.8144195,144.935355,4520.0,2018-06-24,08:51:47,1119.2399999999998,9:10:26,8.95
ID1698394407,0,1,6,-37.8146901,144.9466273,-37.7874421,144.9804091,5017.0,2018-01-21,04:21:09,1252.5600000000002,4:42:01,16.82
ID3876463405,1,6,8,-37.7874421,144.9804091,-37.8158343,145.04645,8357.0,2018-05-08,09:32:15,2479.38,10:12:52,13.09
ID5715765090,2,6,4,-37.773845,144.9836895,-37.8042672,144.9947565,5689.0,2018-01-11,01:07:49,1181.7600000000004,1:27:27,111.03
ID1901116498,0,6,3,-37.7874325,144.9803767,-37.8179899,144.9941126,4560.0,2018-02-06,15:42:50,1220.62,16:02:33,9.35
ID1330230880,0,4,3,-37.803262,145.0004241,-37.8242053,144.9834431,3699.0,2018-04-10,15:01:51,974.5200000000007,15:18:05,6.93
ID3913069606,1,7,2,-37.8618349,144.905716,-37.8181284,144.9485848,9043.0,2018-05-16,15:19:26,3068.219999999999,16:10:34,21.47
ID3753061723,1,9,2,-38.1109156,144.6541725,-37.8151848,144.9450163,41899.0,2018-01-02,14:24:26,10086.48,17:12:32,47.32
ID1124464591,0,3,8,-37.8196791,144.9816751,-37.807202,145.0266373,5455.0,2018-06-13,13:03:05,1355.4000000000003,13:25:40,9.77
ID1246239298,0,7,8,-37.8618349,144.905716,-37.8158343,145.04645,15151.0,2018-07-26,14:06:46,4911.599999999998,19:58:24,13.31
ID3584760170,1,6,5,-37.7874421,144.9804091,-37.8044811,144.9364001,5870.0,2018-03-18,23:02:45,1584.6,5:32:13,24.72
ID1386469306,0,6,8,-37.773845,144.9836895,-37.8158343,145.04645,10698.0,2018-07-14,12:17:26,2756.46,13:03:22,15.47
ID3192838036,1,5,9,-37.8062959,144.9282542,-38.1109156,144.6541725,43647.0,2018-07-25,08:57:17,10476.3,11:06:39,42.86
ID1466193196,0,1,8,-37.8209083,144.9423016,-37.8158343,145.04645,9807.0,2018-03-09,08:43:22,2803.3200000000006,9:30:05,8.32
ID1749866349,0,4,5,-37.8004608,144.995272,-37.8037477,144.9307499,6671.0,2018-04-20,05:32:00,1698.4799999999993,10:39:00,13.19
ID1643676540,0,7,2,-37.8618349,144.905716,-37.8138489,144.9330201,11246.0,2018-03-03,07:08:02,3685.739999999998,8:09:27,13.95
ID3622161196,1,6,9,-37.7874325,144.9803767,-38.1109156,144.6541725,47033.0,2018-02-16,18:29:43,11350.5,21:38:53,52.15
ID3512927858,1,5,8,-37.7998166,144.9362469,-37.8158343,145.04645,10087.0,2018-07-05,10:44:19,2827.8,11:31:26,16.32
ID3452599359,1,6,9,-37.7907967,144.985865,-38.1109156,144.6541725,47193.0,2018-03-28,03:09:31,11530.619999999999,6:21:41,59.26
ID3536757925,1,7,8,-37.8618349,144.905716,-37.807202,145.0266373,13986.0,2018-05-07,08:55:55,4292.399999999998,15:13:14,20.11
ID3978552055,1,9,8,-38.1109156,144.6541725,-37.807202,145.0266373,49777.0,2018-04-06,03:06:19,12099.660000000003,6:27:58,60.64
ID1305988899,0,4,8,-37.8163229,145.0110807,-37.8158343,145.04645,3978.0,2018-03-07,02:13:20,1286.16,2:34:46,11.94
ID3638816370,1,5,6,-37.7990373,144.9326219,-37.7874421,144.9804091,5717.0,2018-05-28,10:34:59,1479.3599999999997,11:15:29,10.16
ID3875354927,1,2,6,-37.8208079,144.9277856,-37.7874325,144.9803767,7747.0,2018-06-27,20:30:13,1984.320000000001,23:44:03,17.86
ID5856749839,2,8,4,-37.8158343,145.04645,-37.8057117,144.995943,4982.0,2018-03-20,06:45:48,1572.7800000000004,7:12:00,120.94
ID1690751412,0,3,9,-37.8168862,144.988144,-38.1109156,144.6541725,45705.0,2018-03-28,07:15:57,11054.279999999999,8:34:58,21.35
ID3352070088,1,8,5,-37.8158343,145.04645,-37.7960038,144.9360765,10388.0,2018-07-17,08:34:09,2871.0,9:22:00,16.52
ID1132118213,0,7,5,-37.8618349,144.905716,-37.799659,144.9248126,11915.0,2018-01-19,12:34:18,3743.339999999999,13:36:41,13.12
ID1871603694,0,2,5,-37.8246356,144.9466172,-37.7954792,144.936073,3775.0,2018-04-13,01:01:54,883.9200000000003,1:16:37,11.25
ID1694756370,0,5,9,-37.802954,144.9359682,-38.1109156,144.6541725,43835.0,2018-06-26,18:28:25,10528.679999999998,21:38:30,22.95
ID1293563013,0,6,9,-37.7907967,144.985865,-38.1109156,144.6541725,47193.0,2018-03-15,04:19:26,11530.619999999999,7:31:36,29.54
ID5589753272,2,5,4,-37.8083333,144.9351746,-37.8070501,144.9908745,5405.0,2018-07-28,16:20:17,1325.8799999999999,16:42:22,119.86
ID5282914313,2,8,3,-37.8158343,145.04645,-37.8141286,145.004671,4000.0,2018-05-05,17:39:46,1278.9000000000003,18:01:04,118.23
ID1606178392,0,7,5,-37.8618349,144.905716,-37.7934454,144.9363949,11836.0,2018-01-27,19:05:09,3839.5199999999995,20:09:08,17.25
ID3129037359,1,9,3,-38.1109156,144.6541725,-37.8248747,144.9848906,45654.0,2018-04-10,22:01:47,11026.56,1:05:33,56.93
ID1285765582,0,7,6,-37.8618349,144.905716,-37.7874421,144.9804091,11630.0,2018-02-24,01:06:14,3678.539999999999,2:07:32,19.64
ID3198158403,1,4,5,-37.8158649,145.015594,-37.7996144,144.9327719,10297.0,2018-01-16,13:54:12,2515.560000000001,14:36:07,18.62
ID3896053602,1,2,7,-37.8161011,144.9339196,-37.8618349,144.905716,10733.0,2018-06-04,00:46:07,3495.9000000000005,1:44:22,29.93
ID3274847167,1,4,1,-37.8146136,145.0091926,-37.8194373,144.9609862,4756.0,2018-04-05,15:27:41,1231.4400000000005,15:48:12,14.84
ID3763132821,1,4,3,-37.8014853,145.0036422,-37.817898,145.003566,2621.0,2018-03-10,01:12:07,650.1000000000003,3:45:15,25.59
ID1278290427,1,9,8,-38.1109156,144.6541725,-37.807202,145.0266373,49777.0,2018-01-06,21:17:09,12099.660000000003,0:38:48,32.41
ID1321391305,0,9,8,-38.1109156,144.6541725,-37.8158343,145.04645,51032.0,2018-05-22,16:27:26,12681.060000000005,19:58:47,25.32
ID5704241022,2,2,4,-37.8159313,144.935534,-37.8012882,145.0036959,6992.0,2018-07-18,04:31:06,1784.1,5:00:50,153.19
ID3596986824,1,3,2,-37.8103816,144.9898444,-37.8140346,144.9470579,4282.0,2018-04-18,10:00:20,1030.6800000000005,10:17:30,9.51
ID3111209898,1,1,5,-37.8178415,144.9687058,-37.8003629,144.933905,7352.0,2018-02-05,15:51:44,1778.3999999999999,16:21:22,18.56
ID1744163346,0,6,3,-37.7738026,144.9836466,-37.8182669,145.0005497,10209.0,2018-04-15,23:57:04,3106.2600000000007,0:48:50,19.53
ID1337799376,0,6,9,-37.773845,144.9836895,-38.1109156,144.6541725,48197.0,2018-05-20,16:38:12,11519.399999999998,19:50:11,26.29
ID3191950086,1,8,5,-37.8158343,145.04645,-37.8008476,144.9347748,12303.0,2018-04-24,13:09:10,3363.18,14:05:13,21.3
ID3461888737,1,9,7,-38.1109156,144.6541725,-37.8618349,144.905716,50797.0,2018-04-25,03:36:42,13204.979999999994,7:16:46,65.6
ID1255488358,0,7,6,-37.8618349,144.905716,-37.7738026,144.9836466,16033.0,2018-05-11,06:55:26,5320.6799999999985,8:24:06,11.14
ID1652945798,3,5,2,-37.8050968,144.9287544,-37.8196979,144.9514965,2953.0,2018-07-20,11:30:29,785.8199999999997,11:43:34,4.64
ID1961082121,0,9,3,-38.1109156,144.6541725,-37.8221923,144.9680585,44107.0,2018-06-15,22:18:12,10715.159999999996,1:16:47,25.25
ID3454454680,1,1,5,-37.8026956,144.9635946,-37.8001131,144.9353096,5564.0,2018-05-23,03:45:28,1391.94,4:08:39,20.62
ID1486145831,0,1,7,-37.8121064,144.9533768,-37.8618349,144.905716,8960.0,2018-07-18,23:55:12,3062.46,0:46:14,16.04
ID1191999761,2,3,5,-37.8175356,144.989861,-37.8063969,144.9322957,5929.0,2018-01-20,15:34:38,1490.7600000000002,15:59:28,14.53
ID1223802903,0,2,9,-37.8092101,144.9291215,-38.1109156,144.6541725,43429.0,2018-07-18,07:35:30,10401.3,10:28:51,20.13
ID1626229990,0,7,9,-37.8618349,144.905716,-38.1109156,144.6541725,50797.0,2018-07-09,11:28:41,13173.359999999999,15:08:14,22.46
ID1744560991,0,5,4,-37.8033447,144.9368512,-37.8145067,144.9999352,6572.0,2018-03-17,14:31:18,1639.0799999999995,14:58:37,14.01
ID1807135319,3,4,1,-37.8145465,145.0142926,-37.8094863,144.9639495,4826.0,2018-01-22,18:02:21,1203.5400000000002,18:22:24,7.71
ID5712603423,2,7,4,-37.8618349,144.905716,-37.8145441,145.0141839,12287.0,2018-01-17,01:06:10,3828.599999999999,2:09:58,295.75
ID5143022494,2,9,5,-38.1109156,144.6541725,-37.7990483,144.9324169,45105.0,2018-06-05,20:16:13,10856.339999999997,23:17:09,772.97
ID5379899491,2,1,6,-37.8132915,144.9735592,-37.773845,144.9836895,4808.0,2018-03-09,14:35:24,994.0799999999999,14:51:58,90.66
ID3929940317,1,9,2,-38.1109156,144.6541725,-37.8244182,144.948369,42361.0,2018-06-07,18:32:42,10186.439999999999,21:22:28,48.05
ID3964963345,1,3,2,-37.8247565,144.9886916,-37.8189575,144.9466373,4299.0,2018-05-14,13:42:49,1123.6800000000007,14:01:32,14.61
ID5152827212,2,8,7,-37.807202,145.0266373,-37.8618349,144.905716,13986.0,2018-06-20,16:19:09,4298.280000000001,17:30:47,319.02
ID3692783519,1,5,6,-37.8052871,144.9369256,-37.7738026,144.9836466,9686.0,2018-01-18,06:58:48,2964.66,7:48:12,14.74
ID1901800924,0,8,5,-37.8158343,145.04645,-37.8088806,144.9252933,11061.0,2018-04-20,17:36:32,3043.3199999999983,18:27:15,12.05
ID3292897029,1,7,4,-37.8618349,144.905716,-37.8079278,145.009984,12300.0,2018-01-26,21:08:52,3896.5799999999977,22:13:48,30.33
ID1609353201,0,6,1,-37.7874325,144.9803767,-37.8174395,144.9704191,4365.0,2018-05-02,19:00:47,1041.420000000001,19:18:08,9.55
ID1658362743,1,1,9,-37.8150674,144.9735379,-38.1109156,144.6541725,44474.0,2018-02-11,11:24:40,10713.42,14:23:13,23.45
ID3577861561,1,7,1,-37.8618349,144.905716,-37.8055238,144.9555785,9355.0,2018-05-26,20:54:48,3123.7200000000003,21:46:51,26.32
ID3646004324,1,1,7,-37.8179018,144.9578568,-37.8618349,144.905716,8067.0,2018-06-03,09:59:34,2801.52,10:46:15,20.55
ID1523743094,0,4,8,-37.8005112,144.9999631,-37.807202,145.0266373,2509.0,2018-05-13,05:17:33,665.7,5:28:38,16.04
ID3707765347,1,6,4,-37.7874325,144.9803767,-37.8098444,144.9938212,3783.0,2018-03-07,15:59:01,909.5400000000001,16:14:10,13.31
ID5677273448,2,9,7,-38.1109156,144.6541725,-37.8618349,144.905716,50797.0,2018-07-08,00:56:11,13204.979999999994,4:36:15,951.93
ID1458977579,0,9,4,-38.1109156,144.6541725,-37.8004308,145.0095141,48476.0,2018-07-19,13:47:00,11843.34,17:04:23,23.79
ID5112874245,2,7,2,-37.8618349,144.905716,-37.8254058,144.9514798,8517.0,2018-02-19,22:48:27,2960.6399999999994,23:37:47,235.4
ID3226024251,1,4,6,-37.8145258,145.0155108,-37.7874325,144.9803767,6113.0,2018-05-24,19:35:45,1591.319999999999,20:02:16,16.82
ID3890931257,1,5,1,-37.8151669,144.9275206,-37.819498,144.960084,4361.0,2018-07-13,10:54:54,1065.7199999999996,11:12:39,7.92
ID1670422495,0,4,6,-37.8101377,144.9965834,-37.7738026,144.9836466,9127.0,2018-06-13,08:13:19,2796.42,8:59:55,6.25
ID5567281651,2,4,6,-37.81683,145.0142511,-37.7874325,144.9803767,6429.0,2018-03-28,09:26:01,1646.1599999999994,9:53:27,124.9
ID1833964298,0,5,3,-37.8084829,144.9213965,-37.8178885,145.0086407,8587.0,2018-07-22,16:57:48,2102.2200000000016,17:32:50,13.81
ID3508637687,1,7,4,-37.8618349,144.905716,-37.8014069,145.003197,12135.0,2018-05-22,03:43:30,3860.819999999998,4:47:50,29.17
ID3148827169,3,9,2,-38.1109156,144.6541725,-37.8172867,144.9459811,41655.0,2018-06-15,02:18:47,10029.599999999999,5:05:56,52.21
ID3213563592,1,6,8,-37.7907967,144.985865,-37.8158343,145.04645,7470.0,2018-05-08,23:18:29,2302.38,23:56:51,24.17
ID3828619545,2,2,5,-37.8149873,144.9395623,-37.8047461,144.9285066,2128.0,2018-06-14,14:03:18,492.2399999999999,14:11:30,10.47
ID3411738071,1,9,2,-38.1109156,144.6541725,-37.8127164,144.9429385,42130.0,2018-06-17,10:39:54,10093.619999999997,13:28:07,45.63
ID1481363605,0,2,3,-37.8110061,144.9391056,-37.822152,144.980623,4544.0,2018-01-05,10:46:44,1088.2200000000005,10:28:36,7.09
ID3149223216,1,5,7,-37.8018706,144.9376783,-37.8618349,144.905716,10882.0,2018-01-07,11:39:16,3585.7800000000007,12:39:01,23.59
ID5795118872,2,1,7,-37.804107,144.9483779,-37.8618349,144.905716,9894.0,2018-01-16,17:39:11,3297.78,18:34:08,248.53
ID1798872416,0,9,1,-38.1109156,144.6541725,-37.8087474,144.9474041,42974.0,2018-06-08,1:05:24,10295.16,22:13:49,26.26
ID1456719909,0,9,8,-38.1109156,144.6541725,-37.807202,145.0266373,49777.0,2018-07-20,02:24:28,12099.660000000003,5:46:07,29.63
ID3142118699,1,8,4,-37.807202,145.0266373,-37.8102846,145.0015848,2872.0,2018-05-02,19:55:59,694.7400000000001,19:44:25,12.79
ID3233221281,1,6,8,-37.7738026,144.9836466,-37.8158343,145.04645,13562.0,2018-06-12,00:12:18,4213.5599999999995,1:22:31,30.78
ID1756301476,0,3,5,-37.8195513,144.9931641,-37.8050371,144.9287516,6678.0,2018-03-03,2:21:42,1660.38,01:54:02,19.45
ID1609346231,0,3,5,-37.8109646,144.9782127,-37.7997371,144.9348231,6543.0,2018-05-24,05:41:15,1666.8600000000001,6:09:01,13.95
ID5245144048,2,3,1,-37.8221923,144.9680585,-37.802035,144.9494307,3355.0,2018-03-04,10:15:27,858.4200000000005,10:29:45,80.83
ID3889674820,1,3,6,-37.8246995,144.9847221,-37.7907967,144.985865,4176.0,2018-05-16,22:12:09,1187.52,22:31:56,21.91
ID5689886232,2,1,3,-37.815194,144.9750308,-37.8240266,144.9699522,1491.0,2018-05-23,14:41:53,430.62,14:34:43,52.24
ID1855339248,0,1,4,-37.8078941,144.9714059,-37.80737,144.9980726,2546.0,2018-04-20,04:33:06,596.28,4:43:02,11.11
ID5434393175,2,7,1,-37.8618349,144.905716,-37.8079477,144.9426513,10068.0,2018-06-20,9:16:07,3346.1999999999994,08:20:21,245.35
ID1898292779,0,6,7,-37.7908183,144.9857929,-37.8618349,144.905716,11712.0,2018-05-07,5:36:51,3717.4800000000005,04:34:54,14.77
ID1640595505,0,8,2,-37.807202,145.0266373,-37.8146901,144.9466273,7759.0,2018-06-18,6:29:12,1909.3199999999997,05:57:23,12.09
ID1829492786,0,2,8,-37.8155778,144.9388428,-37.8158343,145.04645,9922.0,2018-06-26,08:52:10,2839.3200000000006,9:39:29,7.09
ID3983251859,1,5,2,-37.8163564,144.9286491,-37.8205798,144.9487118,3221.0,2018-04-06,0:06:19,786.0000000000002,23:53:13,19.56
ID3629383232,1,3,2,-37.8242454,144.9883964,-37.8239379,144.9379511,4937.0,2018-06-26,21:02:18,1232.4600000000007,20:41:46,16.11
ID1891699270,0,7,9,-37.8618349,144.905716,-38.1109156,144.6541725,50797.0,2018-04-11,12:55:09,13173.359999999999,16:34:42,25.58
ID3414701142,1,9,2,-38.1109156,144.6541725,-37.816492,144.9459712,41778.0,2018-01-11,02:49:59,10068.659999999998,5:37:47,53.15
ID3604242724,1,3,2,-37.8106388,144.9966055,-37.8092805,144.9320471,6386.0,2018-07-19,05:11:06,1649.279999999999,5:38:35,21.74
ID3476191975,1,4,9,-37.8165392,145.0089739,-38.1109156,144.6541725,47788.0,2018-06-16,14:26:39,11483.4,17:38:02,57.65
ID1500354509,0,8,6,-37.807202,145.0266373,-37.7907967,144.985865,4834.0,2018-06-25,23:11:06,1358.6400000000006,23:33:44,11.55
ID1283799199,0,5,1,-37.7996234,144.9354344,-37.8203709,144.9495861,4452.0,2018-02-21,17:14:43,1050.0000000000005,17:32:13,7.69
ID1126940747,0,9,4,-38.1109156,144.6541725,-37.8142125,145.0116775,48279.0,2018-07-12,14:00:14,11586.659999999998,17:13:20,24.01
ID1416108530,0,9,6,-38.1109156,144.6541725,-37.7907967,144.985865,47193.0,2018-23-03,17:26:14,11535.780000000008,20:38:29,23.24
ID5901081906,2,2,7,-37.8205187,144.9511189,-37.8618349,144.905716,8648.0,2018-07-17,04:12:02,2948.94,5:01:10,234.43
ID1910392993,0,5,2,-37.8048464,144.9400309,-37.8248897,144.9361334,3810.0,2018-02-03,02:00:04,937.5599999999998,2:15:41,17.18
ID1898008467,0,3,4,-37.8206146,144.9837337,-37.8101954,144.9971252,2171.0,2018-02-04,06:41:45,569.0400000000002,6:51:14,8.54
ID1781499770,0,2,3,-37.8151397,144.9477272,-37.8210611,144.9687644,2472.0,2018-03-03,14:32:30,576.7200000000001,14:42:06,11.27
ID1991493627,0,6,4,-37.7874325,144.9803767,-37.8006678,144.9975125,3113.0,2018-05-09,21:15:58,778.3800000000003,21:28:56,13.32
ID3212990608,1,8,7,-37.8158343,145.04645,-37.8618349,144.905716,15151.0,2018-03-05,17:32:33,4917.479999999999,18:54:30,29.65
ID1777863282,0,4,9,-37.8057988,144.9947996,-38.1109156,144.6541725,46757.0,2018-28-03,09:32:36,11305.079999999998,12:41:01,21.15
ID1444281430,0,8,2,-37.8158343,145.04645,-37.8245495,144.9529383,9154.0,2018-03-12,11:40:57,2613.2999999999975,12:24:30,6.97
ID3429429292,1,3,7,-37.8115568,144.9935852,-37.8618349,144.905716,10401.0,2018-05-08,21:08:23,3458.34,22:06:01,28.92
ID3482559315,1,1,8,-37.8004816,144.95821,-37.8158343,145.04645,8298.0,2018-21-03,16:13:28,2291.2200000000003,16:51:39,17.98
ID5500869452,2,6,7,-37.7874325,144.9803767,-37.8618349,144.905716,11633.0,2018-06-15,11:53:50,3663.780000000001,12:54:53,267.1
ID1855568518,0,2,6,-37.8154936,144.9388089,-37.7908183,144.9857929,6062.0,2018-04-05,13:20:22,1595.6400000000006,13:46:57,8.73
ID3194243085,1,4,6,-37.8148117,145.0133016,-37.7874421,144.9804091,5734.0,2018-06-12,23:57:56,1466.2799999999997,0:22:22,22.72
ID1124019790,0,3,7,-37.8158349,144.9738102,-37.8618349,144.905716,8329.0,2018-07-05,18:06:10,2855.04,18:53:45,11.25
ID1644564158,0,3,5,-37.8209822,144.9845129,-37.8086589,144.9259279,6032.0,2018-07-16,12:09:51,1528.32,12:35:19,9.98
ID3250773570,1,7,3,-37.8618349,144.905716,-37.8167363,144.9756986,10636.0,2018-03-13,01:27:59,3303.72,2:23:02,30.01
ID1168346921,0,5,6,-37.8043178,144.9385969,-37.7908183,144.9857929,6156.0,2018-04-26,17:18:34,1589.58,17:45:03,9.84
ID1522286298,0,4,6,-37.8050284,145.0055252,-37.7874325,144.9803767,4440.0,2018-02-18,10:34:16,1130.5200000000004,10:53:06,10.57
ID1676339641,0,1,6,-37.8213479,144.9490925,-37.773845,144.9836895,6922.0,2018-05-25,18:59:10,1530.96,19:24:40,10.76
ID1509713398,0,4,2,-37.8005373,145.0089533,-37.8134636,144.9411155,7178.0,2018-13-05,04:58:55,1851.9599999999998,5:29:46,16.4
ID1474202510,0,6,9,-37.773845,144.9836895,-38.1109156,144.6541725,48197.0,2018-06-26,18:46:52,11519.399999999998,21:58:51,25.16
ID1881964830,0,2,7,-37.8236612,144.9369122,-37.8618349,144.905716,9858.0,2018-06-28,00:31:07,3289.98,1:25:56,14.62
ID1902764591,0,9,6,-38.1109156,144.6541725,-37.7874421,144.9804091,47035.0,2018-02-18,15:07:20,11413.020000000008,18:17:33,28.29
ID1834133036,0,4,2,-37.8108044,145.003225,-37.821859,144.9521992,5011.0,2018-07-11,19:10:08,1325.1600000000005,19:32:13,9.07
ID5901159517,2,2,5,-37.8136707,144.9367091,-37.7990008,144.9274382,2968.0,2018-06-25,09:06:05,717.78,9:18:02,62.83
ID5879854050,2,2,6,-37.8190658,144.9466291,-37.7874325,144.9803767,5490.0,2018-03-05,12:42:37,1311.0,13:04:28,112.57
ID1570780449,0,6,7,-37.7908183,144.9857929,-37.8618349,144.905716,11712.0,2018-04-25,02:19:04,3717.4800000000005,3:21:01,15.39
ID3391432945,1,7,9,-37.8618349,144.905716,-38.1109156,144.6541725,50797.0,2018-06-10,17:48:24,13173.359999999999,21:27:57,61.17
ID1623322300,0,1,6,-37.8190685,144.9528387,-37.7874325,144.9803767,5036.0,2018-03-24,07:49:59,1233.3000000000002,8:10:32,10.12
ID3826606608,1,1,7,-37.80317,144.9571893,-37.8618349,144.905716,9657.0,2018-04-31,12:02:42,3182.76,12:55:44,23.26
ID3704064436,1,2,3,-37.8222161,144.9312931,-37.8210224,144.9830283,6678.0,2018-06-25,12:39:22,1527.4799999999998,13:04:49,16.1
ID3652085746,1,4,2,-37.810795,145.0029751,-37.8223792,144.9340469,6845.0,2018-02-24,22:47:08,1762.1400000000012,23:16:30,27.75
ID1391729159,0,1,5,-37.8129669,144.9655656,-37.8003161,144.9263344,6108.0,2018-03-21,17:23:30,1702.02,17:51:52,8.47
ID3321893808,1,7,4,-37.8618349,144.905716,-37.7990801,144.9891289,11122.0,2018-02-30,19:49:12,3616.3199999999983,20:49:28,22.99
ID3657199729,1,4,2,-37.8031671,145.0045417,-37.8170458,144.9321406,7417.0,2018-01-01,06:12:17,1915.6200000000008,6:44:12,11.2
ID5175912927,2,1,2,-37.8096752,144.9640291,-37.8236612,144.9369122,3850.0,2018-02-30,13:17:18,985.7399999999999,13:33:43,87.45
ID5404352681,2,5,7,-37.8016298,144.9211476,-37.8618349,144.905716,12154.0,2018-04-31,05:04:02,3781.8000000000006,6:07:03,290.03
ID1214177228,0,9,3,-38.1109156,144.6541725,-37.8132475,144.9737198,44336.0,2018-06-31,00:47:09,10622.519999999999,3:44:11,31.15
ID3921820603,1,7,5,-37.8618349,144.905716,-37.8009448,144.918856,12375.0,2018-01-09,02:47:58,3859.679999999999,3:52:17,30.92
ID3675905853,1,6,9,-37.7874325,144.9803767,-38.1109156,144.6541725,47033.0,2018-03-10,02:02:06,11350.5,5:11:16,61.33
ID3566423536,1,4,5,-37.8082181,145.0096288,-37.8058411,144.9317736,7518.0,2018-02-14,17:37:38,1912.3800000000008,18:09:30,18.71
ID1157437614,0,3,4,-37.8231165,144.9708702,-37.8116631,145.0098376,4651.0,2018-02-30,21:43:50,1146.1799999999998,22:02:56,13.74
ID1991135129,0,3,8,-37.823322,144.9938042,-37.807202,145.0266373,4666.0,2018-05-12,11:54:20,1137.3600000000004,12:13:17,9.91
ID5489589764,2,9,4,-38.1109156,144.6541725,-37.8010658,145.0049799,48103.0,2018-07-01,16:22:23,11670.54,19:36:53,835.31
ID3549025867,1,5,9,-37.8052871,144.9369256,-38.1109156,144.6541725,43298.0,2018-01-20,12:56:27,10378.619999999999,15:49:25,52.52
ID1669014479,0,2,9,-37.8097826,144.935871,-38.1109156,144.6541725,42822.0,2018-01-26,09:39:01,10255.32,12:29:56,18.36
ID1871061763,0,6,5,-37.7874421,144.9804091,-37.8059773,144.927982,6848.0,2018-05-10,05:45:47,1723.3199999999993,6:14:30,12.0
ID1435388616,0,3,6,-37.8196042,144.9902635,-37.7738026,144.9836466,9500.0,2018-07-08,22:47:25,2885.52,23:35:30,19.46
ID1520648596,0,8,2,-37.8158343,145.04645,-37.8135052,144.9404441,9663.0,2018-04-31,05:25:41,2709.7799999999984,6:10:50,19.86
ID3234329706,1,6,3,-37.7874325,144.9803767,-37.8167657,144.9700912,3658.0,2018-02-30,00:57:38,918.6000000000005,1:12:56,21.97
ID3257294060,1,4,3,-37.7984333,144.9933386,-37.8243024,144.9694919,4557.0,2018-04-31,13:17:44,1322.5800000000006,13:39:46,15.95
ID1263430408,0,2,3,-37.8125054,144.9375284,-37.824146,144.9835879,5392.0,2018-06-19,10:24:14,1313.1600000000008,10:46:07,6.76
ID3411669172,1,2,5,-37.8135331,144.9373574,-37.8061632,144.9347763,1150.0,2018-02-30,04:23:49,271.37999999999994,4:28:20,17.34
ID1927482078,0,6,7,-37.7908183,144.9857929,-37.8618349,144.905716,11712.0,2018-07-20,20:14:19,3717.4800000000005,21:16:16,13.37
ID3112785440,1,3,7,-37.8111797,145.000531,-37.8618349,144.905716,11031.0,2018-03-12,18:57:16,3584.5200000000004,19:57:00,23.12
ID5158039163,2,3,5,-37.8218014,145.0025299,-37.8049069,144.9255653,7801.0,2018-05-27,13:56:34,2011.1399999999996,14:30:05,169.05
ID3684450886,1,7,2,-37.8618349,144.905716,-37.8122119,144.9370288,10652.0,2018-04-02,13:01:23,3458.7599999999975,13:59:01,22.52
ID5549543287,2,4,6,-37.8117735,145.0020003,-37.7908183,144.9857929,3685.0,2018-05-27,09:16:02,936.5400000000001,9:31:38,85.9
ID1268150686,0,4,1,-37.8071388,144.9916771,-37.8142488,144.9745315,2132.0,2018-03-12,19:07:49,571.08,19:17:20,6.6
ID1931949637,0,1,4,-37.8136209,144.9441466,-37.8156898,145.0068825,6262.0,2018-05-16,04:48:29,1511.1600000000005,5:13:40,10.98
ID1484928118,0,9,5,-38.1109156,144.6541725,-37.8129576,144.933682,43760.0,2018-06-13,19:33:43,10510.139999999998,22:28:53,23.46
ID1164476810,0,2,3,-37.8243979,144.9446312,-37.8406925,144.9930568,5810.0,2018-07-27,07:50:22,1862.5800000000004,8:21:24,5.99
ID3300654411,1,2,9,-37.8143701,144.9390152,-38.1109156,144.6541725,42477.0,2018-04-22,22:05:23,10179.66,0:55:02,56.95
ID1197051648,0,9,2,-38.1109156,144.6541725,-37.8255176,144.9516079,42887.0,2018-05-24,21:13:44,10369.679999999997,0:06:33,25.34
ID1214745716,0,6,5,-37.7908183,144.9857929,-37.806807,144.9380724,6382.0,2018-06-15,19:27:23,1579.86,19:53:42,9.19
ID1192947053,0,1,9,-37.8112054,144.9619207,-38.1109156,144.6541725,43693.0,2018-05-27,11:30:37,10590.599999999999,14:27:07,23.29
ID1264395963,0,6,3,-37.7738026,144.9836466,-37.8248666,144.9915759,9746.0,2018-03-24,14:14:05,3049.0800000000004,15:04:54,17.49
ID1749460900,0,9,3,-38.1109156,144.6541725,-37.8111025,144.9781866,44876.0,2018-05-03,22:52:09,10803.42,1:52:12,26.14
ID3158428518,1,5,6,-37.8037477,144.9307499,-37.773845,144.9836895,7458.0,2018-01-21,05:12:41,1634.16,5:39:55,28.24
ID3261269389,1,5,4,-37.8051625,144.9296304,-37.8075181,144.9918088,5880.0,2018-05-28,02:11:53,1514.28,2:37:07,22.5
ID1256758156,0,4,2,-37.8085721,145.0042747,-37.8222216,144.949747,5580.0,2018-03-15,06:49:16,1436.1000000000004,7:13:12,7.16
ID1706457067,0,1,5,-37.8205412,144.9574818,-37.7984668,144.9201474,4675.0,2018-05-07,05:47:23,1189.2,6:07:12,11.73
ID5751806091,2,6,8,-37.7907967,144.985865,-37.807202,145.0266373,4834.0,2018-02-10,20:05:51,1358.6400000000003,20:28:29,123.89
ID1883470698,0,7,9,-37.8618349,144.905716,-38.1109156,144.6541725,50797.0,2018-06-13,10:28:53,13173.359999999999,14:08:26,22.7
ID3256153252,1,9,7,-38.1109156,144.6541725,-37.8618349,144.905716,50797.0,2018-06-18,09:31:43,13204.979999999994,13:11:47,54.22
ID1170201760,0,8,3,-37.807202,145.0266373,-37.8107465,144.9761891,5295.0,2018-02-12,02:33:23,1276.9199999999994,2:54:39,12.55
ID1586759265,0,4,1,-37.7973366,145.0107,-37.8084464,144.9478112,6749.0,2018-01-22,13:44:14,1790.6400000000008,14:14:04,8.85
ID1704276851,0,7,4,-37.8618349,144.905716,-37.803445,144.991412,11513.0,2018-04-06,13:03:40,3685.3799999999974,14:05:05,13.52
ID3935624641,1,1,5,-37.8121745,144.9621986,-37.81042,144.9359857,2718.0,2018-05-21,12:07:20,664.0200000000001,12:18:24,13.09
ID3992976270,1,4,3,-37.8018235,145.0034743,-37.8198301,144.9795486,4295.0,2018-05-07,07:06:06,1061.3400000000001,7:23:47,10.71
ID1229854840,0,3,2,-37.8184296,144.9688448,-37.8201663,144.9506055,2063.0,2018-01-23,10:52:46,494.7600000000001,11:01:00,5.33
ID1901282793,0,1,3,-37.816547,144.9703239,-37.8097134,144.9879612,1951.0,2018-05-12,01:51:50,507.41999999999996,2:00:17,16.66
ID1562454997,0,6,4,-37.7874325,144.9803767,-37.8010605,144.9984193,3228.0,2018-01-24,14:12:33,811.0200000000004,14:26:04,7.23
ID3600093523,1,1,8,-37.8192184,144.9651152,-37.807202,145.0266373,6616.0,2018-01-15,02:58:48,1680.0600000000004,3:26:48,20.32
ID3401842211,1,4,7,-37.815786,145.0094576,-37.8618349,144.905716,11748.0,2018-06-12,02:49:45,3692.76,3:51:17,31.18
ID3458459732,1,6,9,-37.773845,144.9836895,-38.1109156,144.6541725,48197.0,2018-01-09,08:01:02,11519.399999999998,11:13:01,47.86
ID1729437579,0,5,6,-37.8149953,144.9276012,-37.773845,144.9836895,8985.0,2018-05-13,18:45:52,2044.3799999999999,19:19:56,12.6
ID1184270586,0,9,6,-38.1109156,144.6541725,-37.7738026,144.9836466,51061.0,2018-01-23,05:18:41,12952.44000000001,8:54:33,28.68
ID1345952238,0,7,4,-37.8618349,144.905716,-37.8016696,145.0035507,12074.0,2018-05-23,11:20:14,3849.7799999999975,12:24:23,8.47
ID3521160779,1,3,8,-37.8205453,145.0035224,-37.807202,145.0266373,3547.0,2018-01-06,13:43:43,852.0599999999997,13:57:55,17.72
ID1168909240,0,8,6,-37.8158343,145.04645,-37.773845,144.9836895,10698.0,2018-03-05,07:26:52,2735.16,8:12:27,8.21
ID1239370064,0,9,6,-38.1109156,144.6541725,-37.773845,144.9836895,48197.0,2018-03-27,19:24:30,11495.340000000007,22:36:05,22.0
ID5124887240,2,3,1,-37.826124,145.0063321,-37.8202216,144.9668039,4031.0,2018-07-07,15:51:42,949.6200000000003,16:07:31,93.76
ID3401701305,1,1,5,-37.8201679,144.9565668,-37.8024707,144.9341081,3151.0,2018-05-21,00:42:56,677.1,0:54:13,19.25
ID3638090253,1,2,3,-37.8219252,144.9375827,-37.8193333,145.0065084,6578.0,2018-03-17,11:55:56,1591.3799999999999,12:22:27,14.54
ID3998685652,1,1,2,-37.8043073,144.957566,-37.8140839,144.9361177,2588.0,2018-07-08,15:54:07,653.8200000000002,16:05:00,17.22
ID3432565606,1,4,6,-37.8131862,145.0142566,-37.7908183,144.9857929,4752.0,2018-07-15,07:41:15,1201.9200000000003,8:01:16,13.68
ID5200536903,2,9,7,-38.1109156,144.6541725,-37.8618349,144.905716,50797.0,2018-03-11,16:58:54,13204.979999999994,20:38:58,942.71
ID3626174166,1,2,9,-37.8123062,144.9375217,-38.1109156,144.6541725,42946.0,2018-01-22,12:58:49,10286.46,15:50:15,47.53
ID3419927466,1,1,9,-37.8221386,144.9498655,-38.1109156,144.6541725,42161.0,2018-04-09,01:20:21,10146.179999999998,4:09:27,53.65
ID5458079018,2,9,1,-38.1109156,144.6541725,-37.8103644,144.9669098,44008.0,2018-04-19,01:19:02,10640.760000000006,4:16:22,767.4
